Company_ID,Recency_Days,Purchase_Frequency,Total_Revenue,Avg_Transaction_Value,Std_Transaction_Value,Min_Transaction_Value,Max_Transaction_Value,Customer_Tenure_Days,Purchase_Rate,Avg_Days_Between_Purchases,Num_Unique_Products,Product_Concentration,Total_Items_Purchased,Avg_Items_Per_Transaction,Preferred_Quarter,Weekend_Purchase_Rate,Spending_Consistency,Price_Range,Company_Profit,City,Spend_to_Profit_Ratio,Recency_Frequency_Interaction,Revenue_Per_Product,Frequency_Tenure_Ratio,Monetary_Velocity,Items_Per_Product,Engagement_Score,Will_Purchase_Next,City_Encoded
1,-0.13955902101275486,-1.4002607802552554,-1.7184307038972133,-1.4328542348053916,-0.8895913534258847,0.28416714273616833,-0.7742372160879265,1.0836167492441124,-1.7246417245492436,2.008806514697512,0.7447835223751497,-0.7280905498402894,-1.3689993902194877,-0.42924753724907144,3,-1.0067394415799311,0.2710394545850489,-0.7980311579731568,0.18141258929850046,Pasig,-0.9454576046454803,-0.2915956082824119,-1.9549572792623797,-1.7246417245492436,-0.5281088614122955,-1.6238406988843104,-0.8280565370625628,1,-0.028284873771900643
2,-0.6101182561278075,-0.11071829425274095,-0.24901007585378257,-0.31412869066074495,0.6733480490269489,0.027131536241141632,1.373302560225574,-0.1450510609224396,-0.05872021362981407,-0.08132265092511877,0.7447835223751497,-0.7280905498402894,-0.7141907721543633,-1.5490858033439452,4,-0.8681570515578484,1.059074540163529,1.363565049450197,0.1739357867682661,Taguig,-0.4784924351557345,-0.6513190124243351,-0.4554991946719613,-0.05872021362981407,-0.10525730901339166,-0.9500678300532491,0.30452189798055984,0,0.36335183999287646
3,-0.7549057130862852,-0.22794942934387863,-0.17651068576211787,0.047635454415825895,0.4344037845514921,-1.0010108897389651,-0.3320966739057352,-0.10117006770220562,-0.19088879607389272,0.04794910545412498,-0.5695403406398208,0.5106268317405412,-0.02086400008540801,0.47839743750483615,2,-0.18530350072322857,0.43324642760789106,-0.23249726649611654,1.3605043483164596,Pasig,-0.9724107237910292,-0.8191899343572326,-0.02069583081557864,-0.19088879607389272,0.23785436540975752,0.15851002160477837,0.007903320576467823,1,-0.028284873771900643
4,0.2948033498626783,1.1788241917497735,0.750285641182874,-0.38247247927527633,0.005813021472668276,-1.0010108897389651,-0.6479113468930147,-0.35348577871855114,1.292577151139972,-1.1707547862193386,-1.8838642036547915,1.9041838860189753,0.7880172339950399,-0.5044929840892696,3,1.2742517887835476,0.3380461923309313,-0.546682761761139,-0.056585840716538646,Taguig,0.008593240338340184,0.6261851849877923,1.4491881999738718,1.292577151139972,-0.5164130677326279,1.5394238360321078,0.08615958078416225,0,0.36335183999287646
5,-0.46533079916932973,-1.0485673749818423,-1.2262570093058607,-0.8598004597299935,-1.6354295761491657,1.1837917654687617,-1.5321924312573971,2.191611828055021,-1.766133511605152,2.077717283575604,-0.5695403406398208,0.5106268317405412,-1.1667790816993757,-0.7103482258896027,3,0.8187685869836927,-1.2089926565365163,-1.6400482852834168,-0.26223726189024804,Makati,-0.5369186245459192,-0.5657631757635534,-1.154912808750183,-1.766133511605152,-0.35245268035157745,-1.0899514706410123,-0.745852005838675,1,-0.8115583013014548
7,1.3445124128116417,-0.6968739697084293,-0.04048090229115939,1.2623958942294198,1.1153564752414156,-0.6154574799964251,-0.14260787011336756,-0.36445602702360963,-0.5285063067203927,0.40146474106402125,0.7447835223751497,-0.7280905498402894,-0.41567507862467423,0.5512067077119548,1,0.17240554938382832,0.1168256463568144,-0.08168822876890582,-1.5516315340252962,Pasig,1.9072459060883977,1.3430393921607062,-0.24270733017515225,-0.5285063067203927,-0.6426499121785504,-0.6429066692626182,-0.6047225954914299,0,-0.028284873771900643
9,-0.7911025773259046,0.47543738120294743,0.4737415758847716,0.18318885903698523,0.4388984425075529,-0.6154574799964251,1.373302560225574,-0.1999023024477321,0.5312348209212069,-0.6040730711345653,0.7447835223751497,-0.7280905498402894,0.547278771471097,0.32862196643863334,1,0.1915906368463182,0.31408265736184365,1.4264021485032015,0.7852627725955863,pasig,-0.5904077878355208,-0.8360418415782958,0.2820267299460115,0.5312348209212069,0.505696959552552,0.347935784900708,0.8241745687572782,0,1.7340803381695962
10,-0.573921391888188,0.8271307864763604,0.10339675330312363,-1.0750893512880488,-0.7100143669265795,0.15564933948865498,-0.14260787011336756,1.2262299772098728,0.19607666357922862,-0.31701182523480465,0.7447835223751497,-0.7280905498402894,0.16209723143278854,-1.2443652051622416,2,-0.576353286652194,0.1381799406243857,-0.1570927476325112,-0.4285764423918304,Mandaluyong,0.0988412669129905,-0.5482631182647572,-0.09588857062090314,0.19607666357922862,-0.11991753073271703,-0.04840119676462226,0.7509741640791989,0,-0.6157399444190663
11,0.47578767106077546,-1.2830296451641177,-1.1137708422048758,-0.11650786179083708,1.2549970080077573,-0.8724930864914517,0.11004386827645603,-0.5948312414298381,-1.0074437167204364,0.9696494826066806,0.7447835223751497,-0.7280905498402894,-1.1090018506936294,0.05469758672795641,4,0.3385556464646314,1.5381394433860944,0.19479500706431385,0.8401975953966767,Quezon City,-1.0295211016840153,0.30794339862079356,-1.3379371417071158,-1.0074437167204364,-0.6056407749537035,-1.3563132362602122,-0.8293075720144247,0,0.1675334831104879
12,0.07762216442496171,-0.11071829425274095,-0.26956402665296586,-0.3580093058462844,-1.1640838535648919,-1.0010108897389651,0.11004386827645603,-0.21087255075279063,-0.02866492863899974,-0.1100668788827281,0.7447835223751497,-0.7280905498402894,-0.0112344615844503,0.23550951911455162,1,1.233675863777081,-1.0667827948214623,0.20736242687491477,0.6130995564388739,Mandaluyong,-0.7123042324881653,0.12451687002229934,-0.4764733031797112,-0.02866492863899974,-0.5118730945785346,-0.22675283851402092,0.030768069870433797,0,-0.6157399444190663
13,0.8739531776965892,0.9443619215674981,1.2742245324638735,0.946541437885663,-0.9030810503813952,1.1837917654687617,-1.5321924312573971,-0.5290097515994872,1.1591302116257518,-1.0789868962871096,0.7447835223751497,-0.7280905498402894,1.3080123130467562,1.0911374134439666,1,1.1961431331461003,-1.7773212692577247,-1.6400482852834168,0.47525092873671093,Makati,-0.20233886196377035,1.3261874849396431,1.0988729194660205,1.1591302116257518,-0.5789097102078075,1.130701323689736,0.6083328596751123,0,-0.8115583013014548
15,-0.4291339349297103,-0.3451805644350163,-0.5128480624760262,-0.48018183235839623,0.8200533190637207,-0.6154574799964251,-0.7742372160879265,-0.34251553041349264,-0.19584668686832807,0.05281707954371981,-1.8838642036547915,1.9041838860189753,-0.42530461712563195,-0.3059205910676698,1,0.5199386911223631,1.4026093213934294,-0.7100592192989506,1.4124484501054562,Taguig,-1.064974090297177,-0.4678924838258409,-0.0008853927664804793,-0.19584668686832807,-0.3207170466732646,0.13490465725559317,-0.6029226235284665,0,0.36335183999287646
16,-0.2843464779712326,-0.22794942934387863,-0.42166326256692216,-0.48418215977421103,-0.07287044800403678,0.541202749231195,-1.1532148236726618,2.4768382839865417,-1.1757211192022559,1.1919230165089416,0.7447835223751497,-0.7280905498402894,-0.22308430860551998,-0.04325956903793529,1,-0.7955130567882075,0.34161646906688764,-1.2001885919123854,-0.3303548680999095,Taguig,-0.18856762296744115,-0.29678081050427746,-0.6316817061370621,-1.1757211192022559,-0.39996003865945784,-0.4447381784299525,0.07907474754036951,1,0.36335183999287646
17,0.07762216442496171,0.35820624611180973,0.7416903526668519,0.9177317599034313,-0.4551673680470915,-0.6154574799964251,-0.14260787011336756,-0.1889320541426736,0.41291097619179207,-0.5057647831548789,0.7447835223751497,-0.7280905498402894,0.9806080040141941,1.612176489393818,2,1.121637861893556,-1.2764215017896856,-0.08168822876890582,0.9505394601060301,baguio,-0.5963238624536468,0.20229490335028275,0.555452835401588,0.41291097619179207,-0.4682375764702381,0.7938148892742046,0.5294560843657502,1,0.559170196875265
19,2.466615204239844,-0.46241169952615396,-0.586842285353086,-0.4375130022688136,0.731680904975527,-0.7439752832439385,0.11004386827645603,-0.9568494354967686,-0.02564538538218562,-0.11318083691146873,0.7447835223751497,-0.7280905498402894,-0.7815975416610673,-0.9880383697765148,2,-0.6429606677719628,1.2532419473182759,0.18222758725371296,-1.2005366278423963,Baguio,0.7690334175414228,2.6328584448497643,-0.8002372690538893,-0.02564538538218562,-0.690000507031385,-1.0194268018446815,-1.1294169238825738,1,-1.3990133719486204
20,-0.8634963058051435,0.9443619215674981,0.6912397461597657,-0.1424956480827552,-0.03230711817496794,-1.0010108897389651,0.11004386827645603,-0.9349089388866516,1.3869103703474177,-1.2340859596417049,0.7447835223751497,-0.7280905498402894,0.4991310789663085,-0.7056811646478074,1,-1.4311480110225612,0.07001194275618608,0.20736242687491477,1.4414112220120483,parañaque,-0.8020157382305013,-0.9138198749062791,0.5039709327007471,1.3869103703474177,1.0730572906828766,0.29839366219254154,1.095826001954475,1,1.5382619812872078
21,-0.7911025773259046,1.1788241917497735,1.3332704274869818,0.6771311719372386,0.484652976534806,-0.8724930864914517,0.8679990834459267,0.08532415348378888,1.0584996841239769,-1.0076118707842643,-0.5695403406398208,0.5106268317405412,0.9998670810161095,-0.04661643523190524,4,-0.0038898489201263657,-0.06807536770939573,0.9488401957003675,-0.056585840716538646,Davao City,0.20697637957134254,-0.8127084315799007,1.6105738704502823,1.0584996841239769,0.669946375724104,1.2705849642774993,1.0281353447061043,0,-1.0073766581838433
22,-0.35674020645047144,-0.22794942934387863,-0.8947778391444866,-1.5105252993543705,-0.7615921175019791,-0.6154574799964251,-0.6479113468930147,-1.5602130922749862,0.5251180591671141,-0.5994914484620053,0.7447835223751497,-0.7280905498402894,-0.4638227711294628,-0.6642798149221899,2,-1.405722612853187,0.5179794106913101,-0.5843850211929416,-0.835747367551488,Pasig,0.09892673585743031,-0.37715144494319364,-1.114467549242725,0.5251180591671141,-0.39460783800434823,-0.6924487919707835,-0.04488982472896226,1,-0.028284873771900643
23,-0.7187088488466657,0.24097511102067207,0.558947044652295,0.7560868752404866,0.42403754637870017,0.541202749231195,0.11004386827645603,-0.7155039727854816,0.5610893382016133,-0.6285517786332241,0.7447835223751497,-0.7280905498402894,0.3643175399529005,0.3910782271744443,1,-0.7862674574538897,-0.20033954178894117,0.056553389147704025,-0.056585840716538646,manila,-0.05651712330736324,-0.7582638082503124,0.3689739433963202,0.5610893382016133,0.23548683306433787,0.15967571860967575,0.7366362559748352,1,1.3424436244048192
24,1.2721186843324028,-0.5796428346172916,-0.1316657022002634,0.8129202317596146,0.9163820962339569,0.28416714273616833,1.373302560225574,0.9848845144985859,-0.9577265780182901,0.9071052782499274,0.7447835223751497,-0.7280905498402894,0.017654153918422837,1.4391894382559305,2,0.07843113791502589,0.28468314540627293,1.3384302098289953,0.5377806088448288,Mandaluyong,-0.638303885117461,1.3086874274408467,-0.3357561024640794,-0.9577265780182901,-0.6406624252646119,-0.19702756488912157,-0.5625100602681147,1,-0.6157399444190663
25,0.2586064856230589,0.0065128408383967225,-0.30170293153896155,-0.6229634521967053,-0.04508111753902227,-0.10138626700637171,0.3626956066662796,-0.7155039727854816,0.3273664045754423,-0.4329154600836778,0.7447835223751497,-0.7280905498402894,-0.04012307708732344,-0.09604628993809804,3,0.24375009338496056,0.5096135933689949,0.3707388844127264,-1.551710237209825,Pasig,1.7264593659928995,0.3513694672289176,-0.5092691819372844,0.3273664045754423,-0.5485343475050726,-0.2564781121389203,-0.006461217814416508,1,-0.028284873771900643
26,0.36719707834191717,-0.9313362398907047,0.022302074695436838,1.9222867537386832,3.5650410879876393,1.5693451752113017,1.373302560225574,2.937588712798999,-1.8871686846740543,2.2840877747530692,-0.5695403406398208,0.5106268317405412,-0.9838178501811793,-0.46732767979889833,1,-0.6429606677719628,2.047196863185618,1.2127560117229863,-1.7650352188750906,manila,2.6977700422194664,0.2787766361227998,0.19411493182636172,-1.8871686846740543,-0.5542446240305017,-0.8906172828034492,-0.6244802082887584,0,1.3424436244048192
27,-0.46533079916932973,0.5926685162940851,0.9016374607041328,0.8263163571297847,1.234792514913808,-0.7439752832439385,0.11004386827645603,0.5021935890760119,0.307323992306352,-0.41521393654864275,0.7447835223751497,-0.7280905498402894,0.7206104644883359,0.4884777661336815,2,-2.082259294577404,0.6169286359046471,0.18222758725371296,-1.2209601042276155,Pasig,1.6440705255046848,-0.4296516174395824,0.7186695343346249,0.307323992306352,-0.17455449476011764,0.5262874266501066,0.8785845844147597,1,-0.028284873771900643
29,2.5752057969587026,-1.8691853206198061,-0.7811705474544554,2.1566989946332593,0.7384422452753633,-1.0010108897389651,1.373302560225574,-0.9678196838018271,-1.4466375103421303,1.574464647049613,-1.8838642036547915,1.9041838860189753,-1.0030769271830946,2.1178908866392643,2,-0.24886699614666388,-0.9486982918320561,1.4641044079350043,-0.5563904140665736,makati,-0.1353704590369052,1.9795229648947037,-0.30891877725984523,-1.4466375103421303,-0.6949169978366417,-0.5339139993046518,-2.4204333520466044,1,0.9508069106400421
30,-0.9358900342843823,-0.11071829425274095,0.13105115983293386,0.49726377558825136,0.4992577723690804,-0.6154574799964251,0.3626956066662796,0.05241340856861339,-0.14738330435271715,0.004910032947706031,-1.8838642036547915,1.9041838860189753,-0.12678892359594285,-0.05784861608410676,1,0.9334140187292339,0.10242982886228189,0.42100856365512995,-1.5925965415725276,Pasig,2.154065320337586,-1.0188202198990568,0.7383089268464269,-0.14738330435271715,2.0501413610926194,0.4804609631450531,-0.11228541546010888,0,-0.028284873771900643
31,-0.06716529253351601,-0.814105104799567,-1.158989533963079,-1.1267808874892289,-1.2224416031276877,0.28416714273616833,-0.14260787011336756,-0.21087255075279063,-0.7070556470030976,0.6034959730473745,-0.5695403406398208,0.5106268317405412,-0.5890067716419131,0.3616020509104636,2,0.2696773086234668,-0.454868547600996,-0.16966016744311208,-0.07212971966097324,Mandaluyong,-0.6320092649474266,-0.13992844329284423,-1.082232475525467,-0.7070556470030976,-0.5181058868231785,-0.4604750879960755,-0.79208497868337,1,-0.6157399444190663
32,0.11381902866458114,0.1237439759295344,0.21251954663696945,0.25077132407607694,-0.6489879734960705,0.926756158973735,-0.6479113468930147,-0.2657237922780831,0.22350795001583348,-0.34186328125882554,0.7447835223751497,-0.7280905498402894,0.15246769293183082,0.12756876936837688,4,0.15735263460556834,-0.972657589140336,-0.7351940589201523,-1.6378508726765777,quezon city,2.364448276417336,0.20553565473894872,0.015464878183879307,0.22350795001583348,-0.4997013892895033,-0.058309621306255804,0.2584835027818535,0,1.9298986950519845
33,-0.9358900342843823,0.47543738120294743,0.1560896089883026,-0.44510176748325525,0.7207256581709247,-1.0010108897389651,0.8679990834459267,0.08532415348378888,0.39280234718457135,-0.48867345006946106,0.7447835223751497,-0.7280905498402894,-0.0016049230834925873,-0.9623695329466311,1,0.1915906368463182,1.24801461758854,0.9614076155109684,-0.9478994055050035,mandaluyong,0.7466156161396148,-1.0123387171217249,-0.04211858335558004,0.39280234718457135,2.0613055605396426,-0.21684441397238738,0.7783050036899676,1,1.1466252675224307
34,-0.7187088488466657,1.7649798672054617,1.3814787848159753,-0.10595582050664816,0.7255715680732505,-1.0010108897389651,1.373302560225574,-0.07922957109208861,1.7053169495325378,-1.4371527114234486,0.7447835223751497,-0.7280905498402894,1.683564314584107,0.30482620928807397,4,0.614148259437853,0.9143320206886074,1.4641044079350043,-0.7287897397768723,makati,0.9876143558364148,-0.69085617936606,1.2083196311337332,1.7053169495325378,0.3577375941732799,1.5171298808134328,1.5652915437241108,0,0.9508069106400421
35,-0.030968428293896576,-0.814105104799567,-0.7699593015639917,-0.2088152142154461,-0.25219921028078846,-0.8724930864914517,-0.3320966739057352,-0.3315452821084341,-0.6565988284486145,0.5452510900806422,-0.5695403406398208,0.5106268317405412,-0.6178953871447862,0.2805425661845194,4,0.9334140187292339,-0.1258752332747052,-0.24506468630671743,-0.8430274121204004,Davao City,0.1652235185671966,-0.10298387746205212,-0.6618978817091888,-0.6565988284486145,-0.5084182129249121,-0.4919489071283229,-0.6810894295140356,0,-1.0073766581838433
37,-0.10336215677313544,-0.6968739697084293,-0.06664047603557448,1.2017333509791897,-0.14839406858709184,0.926756158973735,-1.0521541283167324,1.0836167492441124,-1.0984349075977684,1.0883526712234208,0.7447835223751497,-0.7280905498402894,-0.3771569246208434,0.657422584249399,4,-1.7844733717900712,-1.1613778545393854,-1.1373514928593809,-0.5526913643937208,Mandaluyong,0.1538218496027348,-0.16066925218030648,-0.26940165009410705,-1.0984349075977684,-0.45232483998572265,-0.603272971096084,-0.050717737874701116,1,-0.6157399444190663
38,1.6702841909682167,0.47543738120294743,-0.4803354493936817,-1.703900516852631,-0.07355500985389907,-1.0010108897389651,0.3626956066662796,-0.9568494354967686,0.9245042260951255,-0.910325911653496,0.7447835223751497,-0.7280905498402894,-0.5504886176380822,-2.2533610323318958,1,-0.08659313135977546,1.63575729370082,0.4587108230869327,0.9793054740513002,Makati,-0.916470382387076,2.1610050426599985,-0.6915532522410025,0.9245042260951255,-0.6654451775949263,-0.7816246128454828,-0.43862250984957657,1,-0.8115583013014548
39,-0.24814961373161315,0.7098996513852228,-0.004231207245327043,-1.1116389259237696,0.0054919893530509046,0.926756158973735,1.373302560225574,-0.1889320541426736,0.7516279216091266,-0.7793283198290422,0.7447835223751497,-0.7280905498402894,0.6050560024768433,-0.016289546930963877,1,-1.0483141585865565,1.073028126917448,1.2755931107759908,1.2263547702871493,Davao City,-0.8877476876986713,-0.14770624662564258,-0.2057166297160304,0.7516279216091266,-0.39127364661054337,0.40738633215050796,0.5464297287567349,1,-1.0073766581838433
41,-0.7549057130862852,-0.3451805644350163,-0.4758509510374963,-0.3986070493741288,-0.45599661284088466,-0.8724930864914517,-1.45639690974045,-0.1450510609224396,-0.283896317053059,0.1418770645271293,0.7447835223751497,-0.7280905498402894,-0.41567507862467423,-0.2806725548415562,2,0.5199386911223631,-0.19375058189017116,-1.363565049450197,-0.056585840716538646,Pasig,-0.40864719544594286,-0.823726986301365,-0.6869770831120392,-0.283896317053059,0.18780292647095903,-0.6429066692626182,0.20103667812473403,0,-0.028284873771900643
42,-0.6463151203674269,-0.22794942934387863,-0.8757187211306985,-1.4691797226414252,1.1389230689830148,-0.6154574799964251,1.373302560225574,-0.5070692549893702,-0.005465821999478469,-0.13216593586088898,-1.8838642036547915,1.9041838860189753,-0.5504886176380822,-0.8878471034405201,3,-1.1006178348206976,2.9352503435064374,1.4264021485032015,-0.9388485392841935,Baguio,0.2311490119712127,-0.6986339826988583,-0.4174597887874515,-0.005465821999478469,-0.12128785726958159,-0.01000605166579324,-0.5918035961340686,1,-1.3990133719486204
43,-0.8634963058051435,-0.6968739697084293,-0.6698055049425168,-0.19697157481897393,-0.14444042972565999,0.926756158973735,0.11004386827645603,-0.10117006770220562,-0.639977742873127,0.5263534556384581,0.7447835223751497,-0.7280905498402894,-0.4734523096304205,0.39188289290578715,4,-1.4583268849277544,-0.010876938738636268,0.018851129715901343,1.4656518028469134,Cebu City,-1.1155117427342545,-0.9501162904593381,-0.8848963979397158,-0.639977742873127,0.7089377588674376,-0.7023572165124169,0.05065890766469404,1,-1.2031950150662318
44,0.07762216442496171,-0.9313362398907047,-0.40746235110566825,0.8900950101697167,1.141694550568564,1.697862978458815,1.373302560225574,-0.22184279905784912,-0.8156461047483042,0.7318994650422175,0.7447835223751497,-0.7280905498402894,-0.2519729241083931,1.6228490334915315,1,0.0326284835856928,0.46053715477311896,1.2001885919123854,-0.056585840716538646,cebu city,-0.3853753271897639,-0.011594688301671617,-0.617190503895343,-0.8156461047483042,-0.5178233925023932,-0.47446345205485185,-0.31738592353343226,1,0.7549885537576535
45,0.1500158929042006,-1.4002607802552554,-1.6720908875499636,-1.3129957152846086,-0.8774908903040628,-0.8724930864914517,-1.45639690974045,-0.6825932278703061,-1.0882489749112552,1.0743427192679553,-0.5695403406398208,0.5106268317405412,-1.8408467767664156,-1.8805240810924277,2,0.08459687984397384,0.16422128077293743,-1.363565049450197,0.9300766321285466,Mandaluyong,-1.2020391573204692,-0.021965092745402738,-1.636621906178444,-1.0882489749112552,-0.5842007078822984,-1.8243405837267714,-1.258404762684481,0,-0.6157399444190663
46,-0.7911025773259046,0.0065128408383967225,0.20915617286983035,0.45062815586975563,0.2135845824955276,3.2400766174289752,-0.3320966739057352,0.28278862297484186,-0.1384797163824009,-0.0037731192478216674,-0.5695403406398208,0.5106268317405412,-0.2616024626093508,-0.6495305840824386,4,0.8348906008229094,-0.17390136487821753,-0.647222120245946,0.6740158212641518,Pasig,-0.6090795635592865,-0.8515974482438924,0.3960047463394628,-0.1384797163824009,0.4551367044875699,-0.1037718044972782,0.23274577224538223,1,-0.028284873771900643
47,4.059277230783099,-2.8070344013489077,-2.8642200339025945,-1.8176580785249425,-1.2597897459092449,-0.6154574799964251,-0.6479113468930147,-1.8564097965115656,-2.093309034371123,2.6559662239546276,-1.8838642036547915,1.9041838860189753,-2.5245440103344134,-0.26931093853980576,2,-0.6429606677719628,0.1870318731257075,-0.5843850211929416,-1.769285190839645,Mandaluyong,0.35974987361773175,2.529154400412453,-2.7002531577139055,-2.093309034371123,-0.7357075223878448,-2.295136461579964,-4.0137448753746625,1,-0.6157399444190663
48,-0.827299441565524,0.35820624611180973,0.45131908410384436,0.33482809804525066,0.10458145026151261,-0.7439752832439385,0.11004386827645603,-0.10117006770220562,0.3704723874251501,-0.46972724362593643,0.7447835223751497,-0.7280905498402894,0.3546880014519428,0.11802031571409341,2,0.27463056765410665,-0.1962761127050872,0.18222758725371296,-0.056585840716538646,cebu city,-0.09314170285807133,-0.883356811852819,0.25914588430119295,0.3704723874251501,0.7128535601660202,0.14976729406804348,0.7876233970424548,1,0.7549885537576535
49,-0.9358900342843823,2.5855978128434254,2.3116384855281065,0.29985666976729763,0.8389997200164626,-0.6154574799964251,0.11004386827645603,-0.7374444693955986,2.913011782863797,-2.0914689025729833,0.7447835223751497,-0.7280905498402894,2.1843003166339083,-0.12067046480397353,2,-0.3130217798996197,0.6582519092102707,0.16966016744311208,1.551477625575551,quezon city,-0.48320732792411375,-0.9890053071233298,2.157493377966275,2.913011782863797,3.0224264920385675,2.0323679569783617,2.252484395415978,1,1.9298986950519845
50,0.0052284359457228525,-0.6968739697084293,0.3885361071172481,2.2572616035331934,1.1921882264385577,0.926756158973735,0.8679990834459267,-0.2876642888882001,-0.561411081846859,0.43789061614823155,-0.5695403406398208,0.5106268317405412,-0.1749366161007314,1.2150559360709845,2,-0.806033911203121,-0.5752606760397637,0.772896318351955,-1.7304058176824262,Baguio,2.8490745193678,-0.04789110385473054,0.589818968272041,-0.561411081846859,-0.463906498016922,-0.009350347100538694,-0.2793413959722727,1,-1.3990133719486204
51,-0.8996931700447629,0.47543738120294743,0.2637175695367533,-0.23222211990933772,-1.8797836296506878,0.926756158973735,-2.2901476464268677,-0.5399799999045456,0.7030768635358389,-0.7416649270198822,0.7447835223751497,-0.7280905498402894,0.3643175399529005,-0.10170853335645479,4,2.138877014288973,-2.007948762431517,-2.3689586342982687,-1.7876623844271158,Cebu City,2.992477100406388,-0.9682644982358676,0.06770947573954723,0.7030768635358389,1.3901622124389497,0.15967571860967575,0.7988422512291422,1,-1.2031950150662318
53,-0.827299441565524,-0.9313362398907047,-0.6286976033441501,0.3587406517411704,1.7905803417819477,-1.0010108897389651,0.3626956066662796,0.28278862297484186,-1.0151406857673542,0.9798184311765901,-1.8838642036547915,1.9041838860189753,-0.8490043111677713,-0.0822951273506614,3,1.0460122106221772,1.6674641278663207,0.4587108230869327,-0.056585840716538646,Manila,-0.4606591851551083,-0.9190050771281447,-0.13388030807698617,-1.0151406857673542,0.4720734377638104,-0.3555623575552532,-0.7025176881867485,1,-0.41992158753667774
54,0.6205751280192532,-1.7519541855286684,-1.59622812369116,-0.3896945292789612,0.20211154626387584,-0.10138626700637171,-1.5321924312573971,-0.34251553041349264,-1.5642245461326623,1.7528328473222712,-3.198188066669762,3.483548547534533,-1.7541809302577962,-0.7109197027763536,1,-2.2836771782119847,0.5773207438172868,-1.5143740871774078,1.384390764820945,Quezon City,-1.3040648302966638,0.3286842075082558,-0.893209771857334,-1.5642245461326623,-0.6337220432856168,-1.0332985962029675,-2.2125371052745506,0,0.1675334831104879
55,-0.4291339349297103,-0.9313362398907047,-1.1687059470681476,-0.9382307130041831,0.7645848489838949,0.926756158973735,1.373302560225574,-0.4193072685489021,-0.73400674569258,0.6348876956852888,-0.5695403406398208,0.5106268317405412,-1.1956676972022489,-1.072378833646127,3,0.0326284835856928,1.8297110427290206,1.2755931107759908,-1.059854685497197,taguig,0.24134394918773425,-0.5197445060444965,-1.092730745880148,-0.73400674569258,-0.37232328906885326,-1.1214252897732597,-0.6980085627384125,1,2.125717051934373
56,-0.35674020645047144,-0.22794942934387863,-0.5031316493709578,-0.6609142327824845,-0.12007337622650285,-0.7439752832439385,-0.14260787011336756,0.14017539500908138,-0.29664800246791084,0.1550445354252144,0.7447835223751497,-0.7280905498402894,-0.8875224651716022,-1.7572754476784744,2,-2.0159321689181664,0.4562770182135148,-0.06912080895830491,-0.5904295413752721,Taguig,0.011646412786452277,-0.37715144494319364,-0.7148154453132346,-0.29664800246791084,-0.3670349840676319,-1.128419471802648,0.08100698816400896,1,0.36335183999287646
57,-0.9720868985240018,-0.46241169952615396,-0.9310275341903189,-1.209053891635669,-0.4304442887512321,-0.10138626700637171,-0.3320966739057352,-0.0024378329566791123,-0.4576820554093256,0.3244500337431184,-1.8838642036547915,1.9041838860189753,-0.7141907721543633,-0.8083565119673369,3,-1.2735105423724415,0.6261453796373552,-0.3204692051703228,1.6536737106861754,parañaque,-1.2217253589161527,-1.0615981382294477,-0.480954135451822,-0.4576820554093256,2.7484870309802747,-0.19950467102452932,-0.5698471455905829,0,1.5382619812872078
58,-0.46533079916932973,-2.4553409960754946,-2.4662208047911363,-1.352401563881745,-0.4907999975188479,-0.7439752832439385,-1.1532148236726618,-0.09019981939714711,-2.3274444091222466,3.1200935907875795,-0.5695403406398208,0.5106268317405412,-2.4860258563305826,-1.2489053859313661,2,-0.9728995556443064,0.6998854697341401,-1.0745143938063766,0.2766434425783276,Pasig,-1.2149572817002758,-0.6824302257555285,-2.4946536178591256,-2.3274444091222466,-0.4561172711124597,-2.527255877680284,-1.6652894253873507,0,-0.028284873771900643
59,-0.8996931700447629,-1.6347230504375307,-1.7128250809519814,-0.9553920226885645,0.6071640185088689,-0.6154574799964251,-1.1532148236726618,-0.035348577871854615,-1.561676356450606,1.74901397132219,-0.5695403406398208,0.5106268317405412,-1.927512623275035,-1.5784216168638108,1,-0.8321256301521066,1.653782796346303,-1.0870818136169773,-1.0316789454358928,Davao City,-0.0730405862438559,-1.0032646132334602,-1.6806338857423,-1.561676356450606,0.7291832847303225,-1.9187620411235122,-0.9505562228802638,0,-1.0073766581838433
60,-0.4291339349297103,-0.3451805644350163,-0.9041205440532063,-1.3428969614950415,-1.9586775504237306,0.541202749231195,-0.3320966739057352,-0.6277419863450137,-0.06460289847976776,-0.07582512098787121,0.7447835223751497,-0.7280905498402894,-0.5312295406361668,-0.583648989554922,3,-2.271019770224019,-1.1902834715603712,-0.3833063042233273,1.4698624232192032,parañaque,-1.1691490301163665,-0.4678924838258409,-1.1240012349280661,-0.06460289847976776,-0.35150436051268413,-0.7618077637622169,-0.06317607741384773,0,1.5382619812872078
61,4.1678678235019575,-0.5796428346172916,-0.5674094591429492,-0.18041789776255443,0.909472733879158,0.926756158973735,-0.6479113468930147,-1.582153588885103,0.1649733205609769,-0.2899212995779324,-1.8838642036547915,1.9041838860189753,-0.8778929266706444,-0.9884734348075298,4,0.07843113791502589,1.2014939132043347,-0.7351940589201523,-0.20738114227368643,Pasig,-0.3363220576380741,4.367956738341528,-0.06352170771917025,0.1649733205609769,-0.715028803250926,-0.3890032903832654,-2.4929334978921074,0,-0.028284873771900643
62,1.018740634655067,-0.11071829425274095,0.4416026709987759,1.16025997957342,-0.1638466782167068,1.697862978458815,0.3626956066662796,-0.7264742210905402,0.2158827846646394,-0.3352299978839928,0.7447835223751497,-0.7280905498402894,0.3065403089471542,1.0422443909108574,4,1.233675863777081,-1.146950661252718,0.19479500706431385,0.5702456724629518,Baguio,-0.493142333927789,1.186187024949273,0.24923085118843827,0.2158827846646394,-0.6116651328305983,0.10022517135987705,-0.10619259717138105,1,-1.3990133719486204
63,1.525496734009739,-0.6968739697084293,-0.44072238058071034,0.3342589825008998,-1.4460123049861198,0.28416714273616833,-1.45639690974045,1.2591407221250484,-1.1609209211602383,1.1716118142730458,-0.5695403406398208,0.5106268317405412,-0.35789784761892796,0.7105305225181224,4,1.4769914968330955,-1.931887951083988,-1.476671827745605,-0.9170477571697206,pasig,0.41337634439912896,1.5310029727033327,-0.3061680285371037,-1.1609209211602383,-0.6589641685436455,-0.20868453493810182,-1.1364457746732122,0,1.7340803381695962
64,-0.46533079916932973,0.7098996513852228,1.0761591883990163,0.964233304099105,0.5663844728141814,0.926756158973735,0.3626956066662796,-0.16699155753255662,0.7404963788019837,-0.7707050514417597,0.7447835223751497,-0.7280905498402894,0.5569083099720548,-0.12629884763045976,2,2.464749428473255,-0.21882585920826073,0.27019952592791924,0.7324135841845086,Mandaluyong,-0.40382687769984926,-0.4199293632735845,0.8967587829367932,0.7404963788019837,-0.15996396917683495,0.3578442094423415,0.97808923851466,0,-0.6157399444190663
65,-0.3929370706900909,0.1237439759295344,1.2615184537880146,2.421370448558927,0.9832844261598073,-0.8724930864914517,0.11004386827645603,-0.5728907448197211,0.37282661364662173,-0.47187563540554706,0.7447835223751497,-0.7280905498402894,0.6628332334825896,1.3833672481226276,3,0.4483756536519432,-0.8953343820251877,0.19479500706431385,-0.9596261799997922,parañaque,1.3075926405908564,-0.38428109799825877,1.0859071069339568,0.37282661364662173,-0.21366390737521707,0.46683687940030794,0.7925348457973731,1,1.5382619812872078
66,0.8015594492173503,1.5305175970231866,1.6359740665294993,0.6732939459276029,-0.418544824647599,1.4408273719637883,0.8679990834459267,-0.4302775168539606,1.6789747449508563,-1.4209778811918368,-0.5695403406398208,0.5106268317405412,1.7894892380946419,0.9577928065354862,1,1.0153036128331927,-1.0509894558354747,0.7226266391095514,0.9165003327973316,Parañaque,-0.35244510262771506,1.3948914143793618,1.9376353699615072,1.6789747449508563,-0.5620362656247162,2.1308693538922454,0.6369967584627987,1,-0.2241032306542892
67,-0.5015276634089492,1.9994421373877371,1.325796263560006,-0.51660005446635,-0.08236040342494023,1.1837917654687617,0.8679990834459267,-0.024378329566796114,1.897860562207264,-1.5531335824582142,0.7447835223751497,-0.7280905498402894,1.317641851547714,-0.8292718604953895,3,0.9334140187292339,0.3614107998899795,0.7477614787307533,-0.056585840716538646,Manila,0.20443300599143222,-0.3654847399439961,1.151498864449102,1.897860562207264,-0.09721741911311023,1.1406097482313684,1.5498373705156923,1,-0.41992158753667774
68,1.1635280916135446,0.47543738120294743,1.0219714999284422,1.2675445638666243,0.7556327480359532,3.6256300271715154,1.373302560225574,-0.5619204965146626,0.7144277946557782,-0.7505418209479665,0.7447835223751497,-0.7280905498402894,1.115421543027602,1.664911413170749,1,-0.3647768995658691,-0.2638206067293651,1.011677294753372,1.4137864042424455,taguig,-0.7172966480768374,1.5439659782579966,0.841463405961816,0.7144277946557782,-0.6091398065291425,0.9325328328570704,0.24114718625675757,1,2.125717051934373
69,1.4531030055305,0.35820624611180973,0.20691392369173764,-0.15580123896279457,0.11053343877037253,-0.8724930864914517,1.373302560225574,-0.7813254626158326,0.7123923810109306,-0.7490181749752363,0.7447835223751497,-0.7280905498402894,0.3546880014519428,0.11802031571409341,4,-0.007705197092376177,0.24818899546615303,1.4515369881244033,1.5790237401606249,Quezon City,-0.9545315224892134,1.8524855104589975,0.00974466677267438,0.7123923810109306,-0.6432706577380348,0.14976729406804348,-0.17674402398390637,1,0.1675334831104879
70,-0.6825119846070463,0.1237439759295344,0.190470763052391,0.2051477585810681,-0.49893822948068306,2.2119341914488686,-0.14260787011336756,-0.3315452821084341,0.2550037881146705,-0.3697230714331228,0.7447835223751497,-0.7280905498402894,-0.2423433856074354,-0.8438979783471741,3,-0.4246934034871814,-0.7661222332354704,-0.3581714646021255,-0.5445849363872562,Baguio,0.2504498194133071,-0.7213192424195202,-0.007034620033525746,0.2550037881146705,0.08592544077081289,-0.4645550275132196,0.5607234982646553,0,-1.3990133719486204
71,1.1635280916135446,-0.5796428346172916,-0.2662006528858268,0.5062292140683786,-0.3410319094840448,-1.0010108897389651,-0.6479113468930147,1.68698040602233,-1.2072033666780748,1.2344971627840433,-0.5695403406398208,0.5106268317405412,-0.02086400008540801,1.3347738308123411,2,1.3609054591363385,-0.8342046826954845,-0.546682761761139,1.071978473833942,Parañaque,-0.8965498740444241,1.1939648282820712,-0.11760294178186774,-1.2072033666780748,-0.6373876622868286,0.15851002160477837,-0.8963376216026921,1,-0.2241032306542892
72,-0.5377245276485686,-0.11071829425274095,0.11386058280088966,0.46056362470580037,-0.7366676235168824,-0.8724930864914517,-1.0521541283167324,-0.1999023024477321,-0.03369181822461889,-0.10527617422312673,-0.5695403406398208,0.5106268317405412,0.05617230792225369,0.40663509798043407,2,-0.5678952065100012,-1.2363202489972895,-0.9614076155109684,1.0510040751570213,Cebu City,-0.7950817223222566,-0.5696520774299526,0.293040940937781,-0.03369181822461889,-0.16515478632377828,0.24244020595743626,0.0602863447566107,0,-1.2031950150662318
73,-0.7187088488466657,-0.3451805644350163,-1.3376220518177993,-2.298722701512719,-1.5766871636044828,-0.6154574799964251,-2.365943167943815,0.05241340856861339,-0.36974470648317054,0.2309370495105388,-0.5695403406398208,0.5106268317405412,-1.4075175442233185,-2.881220286131288,1,-0.10027430028794458,0.2770927867131796,-2.293554115434663,0.6333262748627712,Cebu City,-1.0157749080909617,-0.7841898193596402,-1.2752391381999926,-0.36974470648317054,-0.0463953171527822,-1.3522332967430695,-0.42280632658599454,1,-1.2031950150662318
75,-0.5377245276485686,-0.5796428346172916,0.45169279230019316,2.1427665612485587,1.2883613489633519,0.926756158973735,0.3626956066662796,-0.1560213092274981,-0.5043977582307116,0.37509346588198983,-0.5695403406398208,0.5106268317405412,-0.19419569310264684,0.8649035973161887,4,-0.24218744239030254,-0.3967147832236203,0.27019952592791924,-0.1791660506201178,parañaque,0.005361899457199617,-0.6033558918720787,0.6580577255774686,-0.5043977582307116,-0.13287620540658632,-0.030332893188703167,-0.004730396319214934,1,1.5382619812872078
76,-0.9720868985240018,0.9443619215674981,1.6722237615753317,1.6900186792679468,2.607657150366663,-1.0010108897389651,1.373302560225574,-0.7374444693955986,1.274559346113082,-1.158632361252983,0.7447835223751497,-0.7280905498402894,1.5102326215668682,1.540342057966909,1,1.9843304763966991,1.2908433218055892,1.4641044079350043,-0.056585840716538646,Cebu City,0.32231837142027425,-1.0538203348966493,1.5050079296615428,1.274559346113082,4.489602255188366,1.3387782390640341,1.453349736611357,0,-1.2031950150662318
77,0.0052284359457228525,-0.46241169952615396,-0.5823577869969006,-0.42746035224448975,-1.1626781512395863,0.15564933948865498,-1.45639690974045,-0.16699155753255662,-0.3869698855214457,0.24899643535439647,-0.5695403406398208,0.5106268317405412,-0.7719680031601096,-0.9623695329466311,1,-0.32768573047172345,-1.0066490838598818,-1.4641044079350043,1.3500368247741314,Manila,-1.0624750152049705,-0.011594688301671617,-0.45920050793803496,-0.3869698855214457,-0.5086897046510427,-0.6598092758336387,-0.5046331785529816,1,-0.41992158753667774
78,-0.10336215677313544,1.8822110022965994,1.8090009614389877,0.451727664466166,0.06364598167092854,-1.0010108897389651,0.8679990834459267,-0.2657237922780831,1.9254945857414922,-1.5694352858138023,0.7447835223751497,-0.7280905498402894,1.6739347760831493,0.07721835866360967,2,-0.17004826182160326,-0.34124927525842563,0.9614076155109684,-0.19120763785302158,Pasig,0.49954877403708753,0.1958134005729508,1.6445810880949343,1.9254945857414922,-0.3558269346620582,1.5072214562717994,1.5070986296584432,0,-0.028284873771900643
79,-0.6825119846070463,0.7098996513852228,0.08620617627107942,-0.9378716897890287,-0.6477433438422993,0.15564933948865498,-1.0521541283167324,-0.1450510609224396,0.7293961483515422,-0.7620817830544772,0.7447835223751497,-0.7280905498402894,0.19098584693566167,-0.9623695329466311,3,1.1135711257579426,0.08114058183991575,-1.0619469739957756,0.27605316869436175,Parañaque,-0.43453439027728824,-0.6921524799215264,-0.11343055228193029,0.7293961483515422,0.07197852295415894,-0.018675923139722904,0.744225519811649,0,-0.2241032306542892
80,-0.9720868985240018,1.6477487321143243,1.5444155584240464,0.3402141332668562,-0.7396200529385216,0.926756158973735,0.11004386827645603,3.00341020262935,0.1553222556569392,-0.27995263642705387,0.7447835223751497,-0.7280905498402894,1.8087483150965573,0.7752132678454117,2,-0.03666271142534858,-1.145676999834593,0.018851129715901343,1.3826592947613119,Manila,-0.5863461770269852,-1.04993143323025,1.3745871094860793,0.1553222556569392,4.404121145989519,1.645939399854665,1.6726872225318445,1,-0.41992158753667774
81,-0.5015276634089492,0.47543738120294743,-0.5517137148963001,-1.8450811164589431,-1.1401874300091794,-0.6154574799964251,0.11004386827645603,-0.06825932278703012,0.4667169570243567,-0.5508117075660559,-0.5695403406398208,0.5106268317405412,0.008024615417465126,-0.9397205592732041,4,-0.3647768995658691,0.37622804773411,0.16966016744311208,0.27499067570322316,Taguig,-0.6289717925302851,-0.4834480904914376,-0.4260905783578863,0.4667169570243567,-0.2646470848499549,0.1899838407370257,0.04929193533283836,0,0.36335183999287646
82,-0.6101182561278075,-1.4002607802552554,-1.278576156794691,-0.2951649003218191,-0.9520343774180605,-0.6154574799964251,-1.45639690974045,-0.9019981939714761,-0.9986182506459073,0.9582602602083834,-0.5695403406398208,0.5106268317405412,-1.1378904661965026,0.28158179034767383,1,-0.2791818939639945,-0.8699470469458912,-1.3886998890713989,-0.8288608389052196,Pasig,-0.08604840458656098,-0.7297451960300517,-1.2114419568138521,-0.9986182506459073,-0.220023613030362,-1.058477651508765,-0.8366399492199393,0,-0.028284873771900643
83,-0.7549057130862852,1.0615930566586358,1.1651017391300276,0.5545435524717929,-0.1505574862054371,-0.35842187350139837,1.373302560225574,0.9300332729732934,0.5372557495752601,-0.6086939200286376,0.7447835223751497,-0.7280905498402894,0.9806080040141941,0.1347095206045086,3,-0.4486131036827744,-0.6629630904562037,1.4012673088819998,-0.15567315003827614,Baguio,0.23708874512280154,-0.7692823629717767,0.9875194706612381,0.5372557495752601,0.46217979086579564,0.7938148892742046,1.2493741742327218,0,-1.3990133719486204
84,0.0052284359457228525,0.8271307864763604,1.489106745364426,1.549926584641024,-1.3803384888386503,-0.10138626700637171,1.373302560225574,-0.6058014897348967,1.085272294413931,-1.0269132861315133,0.7447835223751497,-0.7280905498402894,1.5583803140716568,1.9009711387811015,3,-0.576353286652194,-2.6763934997598233,1.376132469260798,-0.056585840716538646,Taguig,0.2600057187124722,0.18803559724015245,1.3181476902288605,1.085272294413931,-0.41314185462297087,1.3883203617722006,0.9714526327177502,1,0.36335183999287646
85,-0.21195274949199372,1.5305175970231866,1.0051546310927468,-0.42858093985542756,-0.5021541764894052,0.6697205524787083,-0.14260787011336756,-0.1560213092274981,1.5236133407212142,-1.3229861949727169,0.7447835223751497,-0.7280905498402894,1.1731987740333483,-0.32231541978592537,2,1.0153036128331927,-0.2212507763632594,-0.20736242687491477,1.4709249162103417,Cebu City,-0.7419835580073001,-0.002520584413406886,0.8243027717282024,1.5236133407212142,-0.34891541858648406,0.9919833801068704,1.1606678070597296,0,-1.2031950150662318
86,-0.35674020645047144,1.4132864619320489,1.1236201293353123,-0.05361640682237763,0.35038577036890173,0.541202749231195,1.373302560225574,-0.6167717380399551,1.671739362895085,-1.416542468026129,-0.5695403406398208,0.5106268317405412,1.048014773520898,-0.3746882686835324,1,1.3482494625453387,0.43086711337018346,1.3132953702077934,-0.9909106958499834,Baguio,1.2959347969251351,-0.2138175749544285,1.3840534985665824,1.671739362895085,-0.25250766232476324,1.323041329497911,0.8788252868940303,0,-1.3990133719486204
87,0.6205751280192532,0.5926685162940851,0.551846588921668,0.14448444243651418,-0.3005684475747735,0.6697205524787083,-0.6479113468930147,1.8515341305982074,-0.26466369475319335,0.12280302587528831,-0.5695403406398208,0.5106268317405412,0.8939421575055747,0.8902508643405365,2,-0.7114986976198407,-0.4905798871587506,-0.7100592192989506,-1.5327427697383884,Quezon City,2.25733491193538,0.9120194574681314,0.7662706661564915,-0.26466369475319335,-0.5712575866780689,1.155180960792594,0.011570281604661692,1,0.1675334831104879
88,0.2586064856230589,-0.22794942934387863,0.0017481238962535495,0.4343382013192503,0.9122831092836199,-0.35842187350139837,-0.3320966739057352,-0.2437832956679661,-0.12684674173557295,-0.015334557710609917,0.7447835223751497,-0.7280905498402894,0.23913353944045024,1.1490993030598295,3,0.42490605534175147,0.6164718917890378,-0.295334365549121,-0.0055468255496230155,Taguig,-0.2820927001478221,0.30599894778759396,-0.19961507087741198,-0.12684674173557295,-0.5372590614963878,0.030866199568443532,0.00427740844296674,1,0.36335183999287646
89,-0.8996931700447629,1.4132864619320489,1.8669257318730497,1.2618257575447376,1.0475670078149806,-0.6154574799964251,-0.14260787011336756,0.05241340856861339,1.2979658094952355,-1.1742967047781263,-1.8838642036547915,1.9041838860189753,1.6931938530850648,0.9830581004760403,4,-0.1451581351926369,0.04633552725431071,-0.08168822876890582,-0.056585840716538646,taguig,0.3885732531769373,-0.9527088915702708,2.73108757722481,1.2979658094952355,1.9262937306597874,2.587239731309825,0.9959085784135006,0,2.125717051934373
90,0.43959080682115603,0.7098996513852228,0.5346560118896239,-0.07621597341841319,0.9822594590874051,-1.0010108897389651,1.373302560225574,-0.44124776515901915,0.8819347990576119,-0.8784959062827912,0.7447835223751497,-0.7280905498402894,0.38357661695481593,-0.5223323301486449,1,-1.0483141585865565,1.1819464895443865,1.4641044079350043,-1.175272905608657,Parañaque,1.3420171267762715,0.7143336227595068,0.3441863606144341,0.8819347990576119,-0.547918629916349,0.17949256769294283,0.452511328987045,1,-0.2241032306542892
91,-0.24814961373161315,1.4132864619320489,1.1725759030570033,0.03302156378199281,-0.012483865624735906,-1.0010108897389651,0.3626956066662796,-0.2876642888882001,1.4838719356199168,-1.2974052074123572,0.7447835223751497,-0.7280905498402894,1.6354166220793185,0.8614688733871225,1,1.8460519951246646,-0.06512651901082339,0.4587108230869327,1.6146762827521635,Mandaluyong,-0.7558951121290053,-0.06603931163126,0.9951464192095106,1.4838719356199168,-0.31972127742735124,1.4675877581052663,1.1851429530449349,0,-0.6157399444190663
92,-0.13955902101275486,0.8271307864763604,0.39451543825882873,-0.5236094661508468,-0.9856569808675393,0.926756158973735,0.11004386827645603,2.7510944916130042,-0.4097064531293908,0.2738642410205393,-0.5695403406398208,0.5106268317405412,0.7302400029892936,0.03546130720091249,2,-0.3099237621731188,-0.7127865761201372,0.018851129715901343,-0.5167633606563315,baguio,0.30355301987130995,0.0039609183639250645,0.5962794423364595,-0.4097064531293908,-0.4150538458777271,0.9768293190431954,0.34307004692713977,0,0.559170196875265
93,-0.21195274949199372,0.7098996513852228,0.999549008147515,0.8170337858857916,0.7648300676424091,-0.6154574799964251,1.373302560225574,2.103849841614553,-0.2636207797749368,0.12180322664197964,0.7447835223751497,-0.7280905498402894,1.2694941590429254,1.5018388027220846,1,0.8433354652148801,0.11737876644312498,1.4264021485032015,0.12203103657153386,Davao City,-0.04676441998484279,-0.10233572718431892,0.8185825603169975,-0.2636207797749368,-0.3492414334957092,1.0910676255232032,0.855040027171238,1,-1.0073766581838433
94,0.43959080682115603,-1.16579851007298,-0.3603751183657211,1.5215437112677048,1.2667083288015835,0.027131536241141632,1.373302560225574,-0.7703552143107741,-0.8181328085813948,0.7346940427603184,-1.8838642036547915,1.9041838860189753,-0.5601181561390399,1.3763467115537718,3,-0.4678079248273856,0.06243094696250264,1.363565049450197,1.3230022808884945,Cebu City,-1.0029982257584358,0.299517445010262,0.17415307641637862,-0.8181328085813948,-0.5771194937776011,-0.021153029275130655,-1.1951835797119748,0,-1.2031950150662318
95,1.6702841909682167,-1.4002607802552554,-1.683675841636776,-1.3429603451648044,-1.1365866435276537,0.926756158973735,-1.1532148236726618,-1.6699155753255712,-0.6629047311937422,0.5519716534998803,0.7447835223751497,-0.7280905498402894,-2.004548931282697,-2.3840281881401215,4,1.9034907488838175,-0.13726431377648093,-1.2378908513441882,-1.4182296362490094,Pasig,0.5044629489147111,1.3935951138238953,-1.919491968512912,-0.6629047311937422,-0.686907101308009,-2.2777967186321058,-1.5199018910768791,0,-0.028284873771900643
96,0.11381902866458114,0.24097511102067207,-0.1294234530221707,-0.6467147417901602,-1.5640830829861847,1.4408273719637883,-1.658518300452309,2.6633325051725363,-0.8546197782324753,0.7799153912895863,0.7447835223751497,-0.7280905498402894,0.06580184642321141,-0.33231626530406283,3,-1.072881036817744,-1.3028715516963683,-1.7908573230106275,0.9970530421625408,Cebu City,-0.8349656466444676,0.22562831334867778,-0.33346801789959835,-0.8546197782324753,-0.5139951054658456,-0.14748544218095513,0.19196774140647951,0,-1.2031950150662318
97,-0.6101182561278075,-0.3451805644350163,-0.565914626357554,-0.5971880867398711,-0.7921868055714841,-0.6154574799964251,-0.7742372160879265,-0.7484147177006572,-0.007573776092932734,-0.1302506673666224,-1.8838642036547915,1.9041838860189753,0.017654153918422837,0.8554890753335687,2,0.5199386911223631,-0.4150041440312932,-0.7100592192989506,-1.6780288483785213,Manila,1.9172236630267219,-0.6655783185344655,-0.061805644295808884,-0.007573776092932734,-0.14058283562188195,0.6476656272851143,-0.549679411667968,1,-0.41992158753667774
98,-0.7549057130862852,0.47543738120294743,0.1616952319335344,-0.43401428583878104,-2.2860800443034086,-1.0010108897389651,-1.0521541283167324,1.599218419581862,-0.2657369538737644,0.12383223096839904,0.7447835223751497,-0.7280905498402894,0.4220947709586468,0.034185308684098935,1,-0.3647768995658691,-2.335846147067697,-0.9488401957003675,-0.1965988059932432,Taguig,-0.08356886791321168,-0.7919676226924385,-0.03639837194437511,-0.2657369538737644,0.29440436820577826,0.21912626585947573,0.7098052124044608,0,0.36335183999287646
100,0.6205751280192532,-0.11071829425274095,-0.11559624975726558,-0.02930360663823453,0.2569764131105919,-1.0010108897389651,1.373302560225574,-0.3973667719387851,0.057891714125826194,-0.19150885809595153,0.7447835223751497,-0.7280905498402894,0.2102449239375771,0.7977792782453083,1,0.33289032863353984,0.30070249114617975,1.4641044079350043,-0.056585840716538646,taguig,-0.286056588894267,0.7370188824801687,-0.3193581630852939,0.057891714125826194,-0.590666340940609,0.001140925943544177,-0.13064339336421413,1,2.125717051934373
